<?xml version="1.0" encoding="UTF-8"?>
<metadata xml:lang="en"><Esri><CreaDate>20220304</CreaDate><CreaTime>19180300</CreaTime><ArcGISFormat>1.0</ArcGISFormat><SyncOnce>TRUE</SyncOnce><DataProperties><itemProps><itemLocation><linkage Sync="TRUE">file://\\DESKTOP-SO9PL6H\Users\plann\AppData\Local\Temp\arc244B\GIS file of India State, District and Tehsil Boundaries\commondata\ind_adm_shp\IND_adm3</linkage><protocol Sync="TRUE">Local Area Network</protocol></itemLocation></itemProps><copyHistory><copy source="C:\Users\plann\Videos\vijay\IND_adm_shp\IND_adm3" dest="\\DESKTOP-SO9PL6H\Users\plann\AppData\Local\Temp\arc244B\GIS file of India State, District and Tehsil Boundaries\commondata\ind_adm_shp\IND_adm3" date="20180108" time="23485000"></copy></copyHistory></DataProperties></Esri></metadata>
